nimi;ariregistri_kood;kmkr_nr;ettevotja_staatus;Tegutsev_ettevõte;ettevotja_staatus_tekstina;ettevotja_esmakande_kpv;ettevotja_esmakande_kuupäev;ettevotja_esmakande_kuu;ettevotja_esmakande_aasta;asukoha_ehak_kood;indeks_ettevotja_aadressis;ads_adr_id;maakond;Linn/vald;Linnaosa;aadress;teabesysteemi_link
001 group OÜ;12754230;;R;Jah;Registrisse kantud;17.11.2014;17; 11   ; 2 014   ;176;13513;2182337;Harju maakond; Tallinn; Haabersti linnaosa; Õismäe tee 78-9;https://ariregister.rik.ee/ettevotja.py?ark=12754230&ref=rekvisiidid
001 Kinnisvara OÜ;12652512;EE101721589;R;Jah;Registrisse kantud;25.04.2014;25; 4   ; 2 014   ;176;13513;2182337;Harju maakond; Tallinn; Haabersti linnaosa; Õismäe tee 78-9;https://ariregister.rik.ee/ettevotja.py?ark=12652512&ref=rekvisiidid
007 Autohaus osaühing;11694365;EE101335276;R;Jah;Registrisse kantud;30.07.2009;30; 7   ; 2 009   ;;;;Teadmata;Teadmata;Teadmata;Teadmata;https://ariregister.rik.ee/ettevotja.py?ark=11694365&ref=rekvisiidid
013 investment OÜ;12937781;;R;Jah;Registrisse kantud;29.10.2015;29; 10   ; 2 015   ;298;10115;2311081;Harju maakond; Tallinn; Kesklinna linnaosa; Tartu mnt 18;https://ariregister.rik.ee/ettevotja.py?ark=12937781&ref=rekvisiidid
01Arvutiabi OÜ;14112620;;R;Jah;Registrisse kantud;13.09.2016;13; 9   ; 2 016   ;614;10318;2283769;Harju maakond; Tallinn; Põhja-Tallinna linnaosa; Aru tn 19-5;https://ariregister.rik.ee/ettevotja.py?ark=14112620&ref=rekvisiidid
01 Creations Osaühing;10818150;;R;Jah;Registrisse kantud;21.11.2001;21; 11   ; 2 001   ;298;10151;2113048;Harju maakond; Tallinn; Kesklinna linnaosa; Ahtri tn 12;https://ariregister.rik.ee/ettevotja.py?ark=10818150&ref=rekvisiidid
0dav riie OÜ;14288602;;R;Jah;Registrisse kantud;04.07.2017;4; 7   ; 2 017   ;2087;79004;3201213;Rapla maakond; Kehtna vald; Ingliste küla; Vanaaseme;https://ariregister.rik.ee/ettevotja.py?ark=14288602&ref=rekvisiidid
0 rent OÜ;14289174;;R;Jah;Registrisse kantud;05.07.2017;5; 7   ; 2 017   ;9500;70602;3296196;Viljandi maakond; Põhja-Sakala vald; Võhma linn; Väike tn 14a-12;https://ariregister.rik.ee/ettevotja.py?ark=14289174&ref=rekvisiidid
0x00 OÜ;14809610;;R;Jah;Registrisse kantud;20.09.2019;20; 9   ; 2 019   ;1675;74001;1791045;Harju maakond; Viimsi vald; Haabneeme alevik; Tammepõllu tee 13-12;https://ariregister.rik.ee/ettevotja.py?ark=14809610&ref=rekvisiidid
1000000INVEST OÜ;14433211;;R;Jah;Registrisse kantud;20.02.2018;20; 2   ; 2 018   ;339;13417;2320554;Harju maakond; Tallinn; Kristiine linnaosa; Sõpruse pst 145;https://ariregister.rik.ee/ettevotja.py?ark=14433211&ref=rekvisiidid
1000 Extra OÜ;14085201;;R;Jah;Registrisse kantud;21.07.2016;21; 7   ; 2 016   ;;;;Teadmata;Teadmata;Teadmata;Teadmata;https://ariregister.rik.ee/ettevotja.py?ark=14085201&ref=rekvisiidid
1001 Investments OÜ;11142683;EE101036957;R;Jah;Registrisse kantud;23.05.2005;23; 5   ; 2 005   ;298;10131;2374949;Harju maakond; Tallinn; Kesklinna linnaosa; Luha tn 20-29;https://ariregister.rik.ee/ettevotja.py?ark=11142683&ref=rekvisiidid
1001 Night OÜ;14637155;;R;Jah;Registrisse kantud;07.01.2019;7; 1   ; 2 019   ;446;74113;443540;Harju maakond; Maardu linn; Nurga tn 5;;https://ariregister.rik.ee/ettevotja.py?ark=14637155&ref=rekvisiidid
100% Carbon OÜ;12441287;EE101786760;R;Jah;Registrisse kantud;19.03.2013;19; 3   ; 2 013   ;614;10320;2287209;Harju maakond; Tallinn; Põhja-Tallinna linnaosa; Roo tn 42-7;https://ariregister.rik.ee/ettevotja.py?ark=12441287&ref=rekvisiidid
100CAR OÜ;11163018;;R;Jah;Registrisse kantud;08.09.2005;8; 9   ; 2 005   ;482;12915;2275296;Harju maakond; Tallinn; Mustamäe linnaosa; Kadaka tee 137-72;https://ariregister.rik.ee/ettevotja.py?ark=11163018&ref=rekvisiidid
100 doors OÜ;12489420;;R;Jah;Registrisse kantud;13.06.2013;13; 6   ; 2 013   ;6619;80029;3068590;Pärnu maakond; Pärnu linn; Pärnu linn; Haapsalu mnt 74a-5;https://ariregister.rik.ee/ettevotja.py?ark=12489420&ref=rekvisiidid
100% Go OÜ;14364310;;R;Jah;Registrisse kantud;02.11.2017;2; 11   ; 2 017   ;8610;44203;2676164;Lääne-Viru maakond; Rakvere vald; Ubja küla; Kohala mnt 2;https://ariregister.rik.ee/ettevotja.py?ark=14364310&ref=rekvisiidid
100KINGITUST OÜ;12036279;EE101454649;R;Jah;Registrisse kantud;05.01.2011;5; 1   ; 2 011   ;298;11317;2117411;Harju maakond; Tallinn; Kesklinna linnaosa; Pärnu mnt 146;https://ariregister.rik.ee/ettevotja.py?ark=12036279&ref=rekvisiidid
100lippu OÜ;14381081;EE102028375;R;Jah;Registrisse kantud;29.11.2017;29; 11   ; 2 017   ;298;11312;2453615;Harju maakond; Tallinn; Kesklinna linnaosa; Asula tn 1b-50;https://ariregister.rik.ee/ettevotja.py?ark=14381081&ref=rekvisiidid
100m³ Täiteliiva UÜ;12816095;;R;Jah;Registrisse kantud;16.03.2015;16; 3   ; 2 015   ;298;10145;2264346;Harju maakond; Tallinn; Kesklinna linnaosa; Tornimäe tn 5;https://ariregister.rik.ee/ettevotja.py?ark=12816095&ref=rekvisiidid
10.0 OÜ;14615952;;R;Jah;Registrisse kantud;29.11.2018;29; 11   ; 2 018   ;1716;79641;3206744;Rapla maakond; Rapla vald; Hagudi alevik; Vana-Viljandi mnt 3;https://ariregister.rik.ee/ettevotja.py?ark=14615952&ref=rekvisiidid
100 Vill OÜ;12855190;;R;Jah;Registrisse kantud;25.05.2015;25; 5   ; 2 015   ;387;13811;2119876;Harju maakond; Tallinn; Lasnamäe linnaosa; Mahtra tn 30a;https://ariregister.rik.ee/ettevotja.py?ark=12855190&ref=rekvisiidid
100 Wool OÜ;12189250;EE101548665;R;Jah;Registrisse kantud;08.11.2011;8; 11   ; 2 011   ;387;13811;2119876;Harju maakond; Tallinn; Lasnamäe linnaosa; Mahtra tn 30a;https://ariregister.rik.ee/ettevotja.py?ark=12189250&ref=rekvisiidid
101 Dream OÜ;12979650;EE101848653;R;Jah;Registrisse kantud;18.01.2016;18; 1   ; 2 016   ;614;11712;2167393;Harju maakond; Tallinn; Põhja-Tallinna linnaosa; Marati tn 4-7;https://ariregister.rik.ee/ettevotja.py?ark=12979650&ref=rekvisiidid
101Kapital Deutsch OÜ;14482190;;R;Jah;Registrisse kantud;03.05.2018;3; 5   ; 2 018   ;298;11314;2110035;Harju maakond; Tallinn; Kesklinna linnaosa; Pärnu mnt 141;https://ariregister.rik.ee/ettevotja.py?ark=14482190&ref=rekvisiidid
101Kapital International OÜ;14439248;;R;Jah;Registrisse kantud;01.03.2018;1; 3   ; 2 018   ;298;11314;2110035;Harju maakond; Tallinn; Kesklinna linnaosa; Pärnu mnt 141;https://ariregister.rik.ee/ettevotja.py?ark=14439248&ref=rekvisiidid
101km OÜ;14064469;;R;Jah;Registrisse kantud;10.06.2016;10; 6   ; 2 016   ;387;15551;2107288;Harju maakond; Tallinn; Lasnamäe linnaosa; Sepapaja tn 6;https://ariregister.rik.ee/ettevotja.py?ark=14064469&ref=rekvisiidid
101Timber OÜ;14611316;;R;Jah;Registrisse kantud;21.11.2018;21; 11   ; 2 018   ;298;10117;2113055;Harju maakond; Tallinn; Kesklinna linnaosa; Narva mnt 5;https://ariregister.rik.ee/ettevotja.py?ark=14611316&ref=rekvisiidid
101 Visiooni OÜ;11098315;EE100970661;R;Jah;Registrisse kantud;21.01.2005;21; 1   ; 2 005   ;6086;75312;1767954;Harju maakond; Rae vald; Peetri alevik; Peetri tee 21b;https://ariregister.rik.ee/ettevotja.py?ark=11098315&ref=rekvisiidid
1024 OÜ;11935521;;R;Jah;Registrisse kantud;04.05.2010;4; 5   ; 2 010   ;387;11414;2317782;Harju maakond; Tallinn; Lasnamäe linnaosa; Pae tn 25-2;https://ariregister.rik.ee/ettevotja.py?ark=11935521&ref=rekvisiidid
102 Property Holding OÜ;11979116;;R;Jah;Registrisse kantud;17.08.2010;17; 8   ; 2 010   ;4943;74015;298960;Harju maakond; Viimsi vald; Miiduranna küla; Kristjani tee 1;https://ariregister.rik.ee/ettevotja.py?ark=11979116&ref=rekvisiidid
10 ASJA OÜ;12765245;;R;Jah;Registrisse kantud;08.12.2014;8; 12   ; 2 014   ;8572;76406;3472382;Harju maakond; Saku vald; Tänassilma küla; Arunõmme tee 15;https://ariregister.rik.ee/ettevotja.py?ark=12765245&ref=rekvisiidid
10 Capital OÜ;12771820;EE102086948;R;Jah;Registrisse kantud;19.12.2014;19; 12   ; 2 014   ;298;10111;2196729;Harju maakond; Tallinn; Kesklinna linnaosa; Roseni tn 9-35;https://ariregister.rik.ee/ettevotja.py?ark=12771820&ref=rekvisiidid
10 Distribution Group OÜ;11413202;EE101172976;R;Jah;Registrisse kantud;08.08.2007;8; 8   ; 2 007   ;298;11019;3460884;Harju maakond; Tallinn; Kesklinna linnaosa; Roosikrantsi tn 2-248;https://ariregister.rik.ee/ettevotja.py?ark=11413202&ref=rekvisiidid
10Dspace OÜ;14318875;;L;Ei;Likvideerimisel;25.08.2017;25; 8   ; 2 017   ;387;15551;2107288;Harju maakond; Tallinn; Lasnamäe linnaosa; Sepapaja tn 6;https://ariregister.rik.ee/ettevotja.py?ark=14318875&ref=rekvisiidid
10fevrier OÜ;14449287;EE102055458;R;Jah;Registrisse kantud;15.03.2018;15; 3   ; 2 018   ;387;15551;2107288;Harju maakond; Tallinn; Lasnamäe linnaosa; Sepapaja tn 6;https://ariregister.rik.ee/ettevotja.py?ark=14449287&ref=rekvisiidid
10Guards OÜ;14514694;;R;Jah;Registrisse kantud;27.06.2018;27; 6   ; 2 018   ;298;;3457743;Harju maakond; Tallinn; Kesklinna linnaosa; Narva mnt 7-634;https://ariregister.rik.ee/ettevotja.py?ark=14514694&ref=rekvisiidid
10K Ventures OÜ;14733580;;R;Jah;Registrisse kantud;30.05.2019;30; 5   ; 2 019   ;339;10616;2116422;Harju maakond; Tallinn; Kristiine linnaosa; Keemia tn 4;https://ariregister.rik.ee/ettevotja.py?ark=14733580&ref=rekvisiidid
10Lines OÜ;14793777;;R;Jah;Registrisse kantud;02.09.2019;2; 9   ; 2 019   ;524;11625;2105444;Harju maakond; Tallinn; Nõmme linnaosa; Tähetorni tn 21;https://ariregister.rik.ee/ettevotja.py?ark=14793777&ref=rekvisiidid
10L OÜ;14154818;EE102064452;R;Jah;Registrisse kantud;18.11.2016;18; 11   ; 2 016   ;5755;67403;2976219;Valga maakond; Otepää vald; Otepää linn; Munamäe tn 16-13;https://ariregister.rik.ee/ettevotja.py?ark=14154818&ref=rekvisiidid
10-to-10 Osaühing;14543494;;R;Jah;Registrisse kantud;13.08.2018;13; 8   ; 2 018   ;298;11317;2119442;Harju maakond; Tallinn; Kesklinna linnaosa; Pärnu mnt 148;https://ariregister.rik.ee/ettevotja.py?ark=14543494&ref=rekvisiidid
10XCapital OÜ;14755274;;R;Jah;Registrisse kantud;03.07.2019;3; 7   ; 2 019   ;298;10111;2106682;Harju maakond; Tallinn; Kesklinna linnaosa; Viru väljak 2;https://ariregister.rik.ee/ettevotja.py?ark=14755274&ref=rekvisiidid
10X OÜ;14014023;;R;Jah;Registrisse kantud;15.03.2016;15; 3   ; 2 016   ;387;11412;2107831;Harju maakond; Tallinn; Lasnamäe linnaosa; Katusepapi tn 6;https://ariregister.rik.ee/ettevotja.py?ark=14014023&ref=rekvisiidid
10xVentures OÜ;12716235;EE102148705;R;Jah;Registrisse kantud;08.09.2014;8; 9   ; 2 014   ;339;13426;2108763;Harju maakond; Tallinn; Kristiine linnaosa; Luige tn 14;https://ariregister.rik.ee/ettevotja.py?ark=12716235&ref=rekvisiidid
11059 OÜ;14459446;EE102149982;R;Jah;Registrisse kantud;29.03.2018;29; 3   ; 2 018   ;387;15551;2107288;Harju maakond; Tallinn; Lasnamäe linnaosa; Sepapaja tn 6;https://ariregister.rik.ee/ettevotja.py?ark=14459446&ref=rekvisiidid
110 Kv OÜ;14708725;;R;Jah;Registrisse kantud;22.04.2019;22; 4   ; 2 019   ;6719;78409;3181217;Rapla maakond; Rapla vald; Raela küla; Kildema;https://ariregister.rik.ee/ettevotja.py?ark=14708725&ref=rekvisiidid
1111 KOMA 1111 OÜ;12870226;EE101922401;R;Jah;Registrisse kantud;26.06.2015;26; 6   ; 2 015   ;4986;64616;3403394;Põlva maakond; Põlva vald; Mooste alevik; Pargi tee 17;https://ariregister.rik.ee/ettevotja.py?ark=12870226&ref=rekvisiidid
111.ee OÜ;14256097;;R;Jah;Registrisse kantud;09.05.2017;9; 5   ; 2 017   ;298;10119;2180916;Harju maakond; Tallinn; Kesklinna linnaosa; Hariduse tn 11-3;https://ariregister.rik.ee/ettevotja.py?ark=14256097&ref=rekvisiidid
112 Kinnisvara OÜ;12582243;;R;Jah;Registrisse kantud;10.12.2013;10; 12   ; 2 013   ;482;13414;2174506;Harju maakond; Tallinn; Mustamäe linnaosa; J. Sütiste tee 41-213;https://ariregister.rik.ee/ettevotja.py?ark=12582243&ref=rekvisiidid
11,2 Retsepti OÜ;14131125;;R;Jah;Registrisse kantud;11.10.2016;11; 10   ; 2 016   ;387;11411;2312600;Harju maakond; Tallinn; Lasnamäe linnaosa; Majaka tn 11-47;https://ariregister.rik.ee/ettevotja.py?ark=14131125&ref=rekvisiidid
113115 OÜ;14207785;;R;Jah;Registrisse kantud;20.02.2017;20; 2   ; 2 017   ;;;;Teadmata;Teadmata;Teadmata;Teadmata;https://ariregister.rik.ee/ettevotja.py?ark=14207785&ref=rekvisiidid
116 OÜ;11326710;EE101104672;R;Jah;Registrisse kantud;28.11.2006;28; 11   ; 2 006   ;2761;69103;3244254;Viljandi maakond; Mulgi vald; Karksi-Nuia linn; Pärnu mnt 6a;https://ariregister.rik.ee/ettevotja.py?ark=11326710&ref=rekvisiidid
118finder OÜ;12329780;EE101564623;R;Jah;Registrisse kantud;16.08.2012;16; 8   ; 2 012   ;339;10612;2250506;Harju maakond; Tallinn; Kristiine linnaosa; Madara tn 14;https://ariregister.rik.ee/ettevotja.py?ark=12329780&ref=rekvisiidid
11 Meelt ja Maitset OÜ;12577503;;R;Jah;Registrisse kantud;02.12.2013;2; 12   ; 2 013   ;298;10124;2322947;Harju maakond; Tallinn; Kesklinna linnaosa; Pronksi tn 7-49;https://ariregister.rik.ee/ettevotja.py?ark=12577503&ref=rekvisiidid
11squared OÜ;14805500;;R;Jah;Registrisse kantud;16.09.2019;16; 9   ; 2 019   ;298;10123;2251200;Harju maakond; Tallinn; Kesklinna linnaosa; Pikk tn 7;https://ariregister.rik.ee/ettevotja.py?ark=14805500&ref=rekvisiidid
11tools OÜ;14562960;EE102097403;R;Jah;Registrisse kantud;10.09.2018;10; 9   ; 2 018   ;387;15551;2107288;Harju maakond; Tallinn; Lasnamäe linnaosa; Sepapaja tn 6;https://ariregister.rik.ee/ettevotja.py?ark=14562960&ref=rekvisiidid
120bpm OÜ;14330468;;R;Jah;Registrisse kantud;12.09.2017;12; 9   ; 2 017   ;298;10136;2133881;Harju maakond; Tallinn; Kesklinna linnaosa; Wismari tn 21-11;https://ariregister.rik.ee/ettevotja.py?ark=14330468&ref=rekvisiidid
12.12.12 UÜ;12391106;;R;Jah;Registrisse kantud;12.12.2012;12; 12   ; 2 012   ;8151;51003;3440367;Tartu maakond; Tartu linn; Tartu linn; Ülikooli tn 6a-610;https://ariregister.rik.ee/ettevotja.py?ark=12391106&ref=rekvisiidid
12-24 OÜ;14401916;;R;Jah;Registrisse kantud;05.01.2018;5; 1   ; 2 018   ;511;20307;2826233;Ida-Viru maakond; Narva linn; Vestervalli tn 6-3;;https://ariregister.rik.ee/ettevotja.py?ark=14401916&ref=rekvisiidid
123 ABAKUS OÜ;14072635;;R;Jah;Registrisse kantud;30.06.2016;30; 6   ; 2 016   ;7361;75501;3467950;Harju maakond; Saku vald; Saku alevik; Uus-Saku tn 9a;https://ariregister.rik.ee/ettevotja.py?ark=14072635&ref=rekvisiidid
123 ACCOUNTING OÜ;12502764;;R;Jah;Registrisse kantud;10.07.2013;10; 7   ; 2 013   ;298;10133;2265540;Harju maakond; Tallinn; Kesklinna linnaosa; Lai tn 32-8;https://ariregister.rik.ee/ettevotja.py?ark=12502764&ref=rekvisiidid
123Apartments OÜ;14159313;;R;Jah;Registrisse kantud;28.11.2016;28; 11   ; 2 016   ;387;11411;2312733;Harju maakond; Tallinn; Lasnamäe linnaosa; Peterburi tee 20-37;https://ariregister.rik.ee/ettevotja.py?ark=14159313&ref=rekvisiidid
123 Autoosad OÜ;12243067;EE101782230;R;Jah;Registrisse kantud;02.03.2012;2; 3   ; 2 012   ;482;12618;2404220;Harju maakond; Tallinn; Mustamäe linnaosa; Akadeemia tee 78;https://ariregister.rik.ee/ettevotja.py?ark=12243067&ref=rekvisiidid
123 Baltic OÜ;12218141;;R;Jah;Registrisse kantud;12.01.2012;12; 1   ; 2 012   ;387;11411;2318829;Harju maakond; Tallinn; Lasnamäe linnaosa; Majaka tn 41-4;https://ariregister.rik.ee/ettevotja.py?ark=12218141&ref=rekvisiidid
123.ee OÜ;11112363;;R;Jah;Registrisse kantud;18.02.2005;18; 2   ; 2 005   ;298;10146;2337563;Harju maakond; Tallinn; Kesklinna linnaosa; Vana-Posti tn 2-15;https://ariregister.rik.ee/ettevotja.py?ark=11112363&ref=rekvisiidid
1-2-3 EHITUS OÜ;14248152;;R;Jah;Registrisse kantud;25.04.2017;25; 4   ; 2 017   ;524;11211;2339476;Harju maakond; Tallinn; Nõmme linnaosa; Valdeku tn 51-1;https://ariregister.rik.ee/ettevotja.py?ark=14248152&ref=rekvisiidid
123FILTRIPOOD OÜ;14812440;;R;Jah;Registrisse kantud;25.09.2019;25; 9   ; 2 019   ;7688;75322;297260;Harju maakond; Rae vald; Soodevahe küla; Kapteni tee 5;https://ariregister.rik.ee/ettevotja.py?ark=14812440&ref=rekvisiidid
1-2-3 Finants UÜ;14248382;;R;Jah;Registrisse kantud;26.04.2017;26; 4   ; 2 017   ;387;11412;3453463;Harju maakond; Tallinn; Lasnamäe linnaosa; Katusepapi tn 4/1;https://ariregister.rik.ee/ettevotja.py?ark=14248382&ref=rekvisiidid
123 Grupp OÜ;11342212;;R;Jah;Registrisse kantud;24.01.2007;24; 1   ; 2 007   ;298;10151;2415418;Harju maakond; Tallinn; Kesklinna linnaosa; Parda tn 12;https://ariregister.rik.ee/ettevotja.py?ark=11342212&ref=rekvisiidid
123 Haldus OÜ;11999934;;R;Jah;Registrisse kantud;30.09.2010;30; 9   ; 2 010   ;3655;93812;2646708;Saare maakond; Saaremaa vald; Kuressaare linn; Vallimaa tn 9-20;https://ariregister.rik.ee/ettevotja.py?ark=11999934&ref=rekvisiidid
1-2-3 Hooldus OÜ;14248131;EE102048067;R;Jah;Registrisse kantud;25.04.2017;25; 4   ; 2 017   ;3268;79806;3306106;Rapla maakond; Kohila vald; Kohila alev; Posti tn 2;https://ariregister.rik.ee/ettevotja.py?ark=14248131&ref=rekvisiidid
123 Kindlustuskonsultatsioonid OÜ;11350281;;R;Jah;Registrisse kantud;15.03.2007;15; 3   ; 2 007   ;8151;50705;3129108;Tartu maakond; Tartu linn; Tartu linn; Anne tn 83-21;https://ariregister.rik.ee/ettevotja.py?ark=11350281&ref=rekvisiidid
123 Kinnisvarahalduse OÜ;12459531;;R;Jah;Registrisse kantud;22.04.2013;22; 4   ; 2 013   ;8151;51011;3088261;Tartu maakond; Tartu linn; Tartu linn; Varsa tn 10;https://ariregister.rik.ee/ettevotja.py?ark=12459531&ref=rekvisiidid
123Kunert OÜ;14290220;;R;Jah;Registrisse kantud;06.07.2017;6; 7   ; 2 017   ;387;15551;2107288;Harju maakond; Tallinn; Lasnamäe linnaosa; Sepapaja tn 6;https://ariregister.rik.ee/ettevotja.py?ark=14290220&ref=rekvisiidid
123-Mobile OÜ;14262092;;R;Jah;Registrisse kantud;18.05.2017;18; 5   ; 2 017   ;614;10319;2292994;Harju maakond; Tallinn; Põhja-Tallinna linnaosa; Timuti tn 15-7;https://ariregister.rik.ee/ettevotja.py?ark=14262092&ref=rekvisiidid
123OK OÜ;12791047;;R;Jah;Registrisse kantud;29.01.2015;29; 1   ; 2 015   ;6619;80041;3045074;Pärnu maakond; Pärnu linn; Pärnu linn; Lubja tn 48a;https://ariregister.rik.ee/ettevotja.py?ark=12791047&ref=rekvisiidid
123OSA OÜ;12621598;EE101715540;R;Jah;Registrisse kantud;03.03.2014;3; 3   ; 2 014   ;176;13516;2113506;Harju maakond; Tallinn; Haabersti linnaosa; Käänu tn 6;https://ariregister.rik.ee/ettevotja.py?ark=12621598&ref=rekvisiidid
123 OÜ;12040996;;R;Jah;Registrisse kantud;12.01.2011;12; 1   ; 2 011   ;3655;93812;2646708;Saare maakond; Saaremaa vald; Kuressaare linn; Vallimaa tn 9-20;https://ariregister.rik.ee/ettevotja.py?ark=12040996&ref=rekvisiidid
123pesula OÜ;14649164;;R;Jah;Registrisse kantud;25.01.2019;25; 1   ; 2 019   ;524;11624;2126029;Harju maakond; Tallinn; Nõmme linnaosa; Pärnu mnt 238;https://ariregister.rik.ee/ettevotja.py?ark=14649164&ref=rekvisiidid
123projekt OÜ;10047126;;R;Jah;Registrisse kantud;21.06.1996;21; 6   ; 1 996   ;446;74117;333250;Harju maakond; Maardu linn; Kassitatra põik 1;;https://ariregister.rik.ee/ettevotja.py?ark=10047126&ref=rekvisiidid
123Puksiir OÜ;14414780;;R;Jah;Registrisse kantud;24.01.2018;24; 1   ; 2 018   ;446;74111;478519;Harju maakond; Maardu linn; Keemikute tn 35;;https://ariregister.rik.ee/ettevotja.py?ark=14414780&ref=rekvisiidid
123 Raamatupidamine OÜ;11377437;;R;Jah;Registrisse kantud;17.05.2007;17; 5   ; 2 007   ;8151;51013;3078154;Tartu maakond; Tartu linn; Tartu linn; Väike-Turu tn 5-63;https://ariregister.rik.ee/ettevotja.py?ark=11377437&ref=rekvisiidid
123 Reklaam OÜ;11346724;EE101155388;R;Jah;Registrisse kantud;08.02.2007;8; 2   ; 2 007   ;298;10146;2337563;Harju maakond; Tallinn; Kesklinna linnaosa; Vana-Posti tn 2-15;https://ariregister.rik.ee/ettevotja.py?ark=11346724&ref=rekvisiidid
123Teenused OÜ;12927914;;R;Jah;Registrisse kantud;09.10.2015;9; 10   ; 2 015   ;298;10151;2264540;Harju maakond; Tallinn; Kesklinna linnaosa; Narva mnt 13;https://ariregister.rik.ee/ettevotja.py?ark=12927914&ref=rekvisiidid
123tracking OÜ;12991705;EE101853334;R;Jah;Registrisse kantud;08.02.2016;8; 2   ; 2 016   ;524;11625;2120138;Harju maakond; Tallinn; Nõmme linnaosa; Rajametsa tn 12a;https://ariregister.rik.ee/ettevotja.py?ark=12991705&ref=rekvisiidid
123Trade OÜ;12020137;;R;Jah;Registrisse kantud;17.11.2010;17; 11   ; 2 010   ;8918;68207;3015345;Valga maakond; Valga vald; Valga linn; J. Kuperjanovi tn 3a-47;https://ariregister.rik.ee/ettevotja.py?ark=12020137&ref=rekvisiidid
123Transport OÜ;12582384;;R;Jah;Registrisse kantud;10.12.2013;10; 12   ; 2 013   ;4075;76302;2680443;Harju maakond; Saue vald; Laitse küla; Ulme AÜ 18;https://ariregister.rik.ee/ettevotja.py?ark=12582384&ref=rekvisiidid
123 Vara OÜ;14367603;;R;Jah;Registrisse kantud;08.11.2017;8; 11   ; 2 017   ;298;10146;2337563;Harju maakond; Tallinn; Kesklinna linnaosa; Vana-Posti tn 2-15;https://ariregister.rik.ee/ettevotja.py?ark=14367603&ref=rekvisiidid
128Bit OÜ;14767722;;R;Jah;Registrisse kantud;24.07.2019;24; 7   ; 2 019   ;482;12915;2120496;Harju maakond; Tallinn; Mustamäe linnaosa; Laki tn 30;https://ariregister.rik.ee/ettevotja.py?ark=14767722&ref=rekvisiidid
12. Aprilli Selts;80320996;;R;Jah;Registrisse kantud;30.12.2010;30; 12   ; 2 010   ;298;10124;2298386;Harju maakond; Tallinn; Kesklinna linnaosa; Toompuiestee 3;https://ariregister.rik.ee/ettevotja.py?ark=80320996&ref=rekvisiidid
12 Capital OÜ;12211570;;R;Jah;Registrisse kantud;30.12.2011;30; 12   ; 2 011   ;339;10621;2304532;Harju maakond; Tallinn; Kristiine linnaosa; Liimi tn 1;https://ariregister.rik.ee/ettevotja.py?ark=12211570&ref=rekvisiidid
12FIX OÜ;12843287;EE101829481;R;Jah;Registrisse kantud;30.04.2015;30; 4   ; 2 015   ;7453;76505;2732623;Harju maakond; Saue vald; Saue linn; Koondise tn 7-10;https://ariregister.rik.ee/ettevotja.py?ark=12843287&ref=rekvisiidid
12kuud haldus OÜ;12883921;;R;Jah;Registrisse kantud;23.07.2015;23; 7   ; 2 015   ;482;13423;2202371;Harju maakond; Tallinn; Mustamäe linnaosa; Sõpruse pst 198-24;https://ariregister.rik.ee/ettevotja.py?ark=12883921&ref=rekvisiidid
12 Maja OÜ;12301116;EE101570772;R;Jah;Registrisse kantud;12.06.2012;12; 6   ; 2 012   ;7666;61709;2850718;Tartu maakond; Kambja vald; Soinaste küla; Enelase tn 14;https://ariregister.rik.ee/ettevotja.py?ark=12301116&ref=rekvisiidid
1/2 Mind OÜ;11550459;EE101298384;R;Jah;Registrisse kantud;03.11.2008;3; 11   ; 2 008   ;298;11313;2113046;Harju maakond; Tallinn; Kesklinna linnaosa; Töökoja tn 1;https://ariregister.rik.ee/ettevotja.py?ark=11550459&ref=rekvisiidid
12 märki OÜ;12901659;;R;Jah;Registrisse kantud;26.08.2015;26; 8   ; 2 015   ;614;10315;2190813;Harju maakond; Tallinn; Põhja-Tallinna linnaosa; Randla tn 15-1;https://ariregister.rik.ee/ettevotja.py?ark=12901659&ref=rekvisiidid
12th Avenue OÜ;14410569;;R;Jah;Registrisse kantud;18.01.2018;18; 1   ; 2 018   ;1510;85001;3388553;Pärnu maakond; Tori vald; Eametsa küla; Kannikese põik 4-2;https://ariregister.rik.ee/ettevotja.py?ark=14410569&ref=rekvisiidid
12v24v OÜ;14748386;;R;Jah;Registrisse kantud;21.06.2019;21; 6   ; 2 019   ;511;20306;2868716;Ida-Viru maakond; Narva linn; Sepa tn 1-43;;https://ariregister.rik.ee/ettevotja.py?ark=14748386&ref=rekvisiidid
12 Vara OÜ;14364993;EE102094558;R;Jah;Registrisse kantud;03.11.2017;3; 11   ; 2 017   ;339;10621;2304532;Harju maakond; Tallinn; Kristiine linnaosa; Liimi tn 1;https://ariregister.rik.ee/ettevotja.py?ark=14364993&ref=rekvisiidid
12V OÜ;12273465;EE101539085;R;Jah;Registrisse kantud;26.04.2012;26; 4   ; 2 012   ;511;21007;2897278;Ida-Viru maakond; Narva linn; Mõisa tn 2-15;;https://ariregister.rik.ee/ettevotja.py?ark=12273465&ref=rekvisiidid
13.10 Investments OÜ;14355149;;R;Jah;Registrisse kantud;19.10.2017;19; 10   ; 2 017   ;298;10120;2128335;Harju maakond; Tallinn; Kesklinna linnaosa; Tuukri tn 44-11;https://ariregister.rik.ee/ettevotja.py?ark=14355149&ref=rekvisiidid
1337 OÜ;14055364;;R;Jah;Registrisse kantud;25.05.2016;25; 5   ; 2 016   ;482;12917;2242459;Harju maakond; Tallinn; Mustamäe linnaosa; Mustamäe tee 96-60;https://ariregister.rik.ee/ettevotja.py?ark=14055364&ref=rekvisiidid
13 boksiline hooneühistu Pärnu mnt 548C;80115250;;R;Jah;Registrisse kantud;17.12.1999;17; 12   ; 1 999   ;524;10916;2298297;Harju maakond; Tallinn; Nõmme linnaosa; Pärnu mnt 540-4;https://ariregister.rik.ee/ettevotja.py?ark=80115250&ref=rekvisiidid
13 ehitusprojekt OÜ;14576040;EE102163777;R;Jah;Registrisse kantud;27.09.2018;27; 9   ; 2 018   ;265;30321;2777198;Ida-Viru maakond; Kohtla-Järve linn; Järve linnaosa; Järveküla tee 52-11;https://ariregister.rik.ee/ettevotja.py?ark=14576040&ref=rekvisiidid
13solutions OÜ;14672464;;R;Jah;Registrisse kantud;28.02.2019;28; 2   ; 2 019   ;897;71016;1207284;Viljandi maakond; Viljandi linn; Valuoja pst 24-12;;https://ariregister.rik.ee/ettevotja.py?ark=14672464&ref=rekvisiidid
15075 OÜ;10399776;EE100350045;R;Jah;Registrisse kantud;09.03.1998;9; 3   ; 1 998   ;524;11612;2108970;Harju maakond; Tallinn; Nõmme linnaosa; Vääna tn 5;https://ariregister.rik.ee/ettevotja.py?ark=10399776&ref=rekvisiidid
150k OÜ;12856686;;R;Jah;Registrisse kantud;28.05.2015;28; 5   ; 2 015   ;614;10311;2286435;Harju maakond; Tallinn; Põhja-Tallinna linnaosa; Vihuri tn 4;https://ariregister.rik.ee/ettevotja.py?ark=12856686&ref=rekvisiidid
150N OÜ;14542561;;R;Jah;Registrisse kantud;10.08.2018;10; 8   ; 2 018   ;387;15551;2107288;Harju maakond; Tallinn; Lasnamäe linnaosa; Sepapaja tn 6;https://ariregister.rik.ee/ettevotja.py?ark=14542561&ref=rekvisiidid
15 OÜ;12271945;;R;Jah;Registrisse kantud;24.04.2012;24; 4   ; 2 012   ;614;10412;2368721;Harju maakond; Tallinn; Põhja-Tallinna linnaosa; Niine põik 3;https://ariregister.rik.ee/ettevotja.py?ark=12271945&ref=rekvisiidid
15 Tamme OÜ;12949873;;R;Jah;Registrisse kantud;19.11.2015;19; 11   ; 2 015   ;339;10614;2275976;Harju maakond; Tallinn; Kristiine linnaosa; Lille tn 5;https://ariregister.rik.ee/ettevotja.py?ark=12949873&ref=rekvisiidid
16lrm OÜ;14461785;EE102059904;R;Jah;Registrisse kantud;03.04.2018;3; 4   ; 2 018   ;387;15551;2107288;Harju maakond; Tallinn; Lasnamäe linnaosa; Sepapaja tn 6;https://ariregister.rik.ee/ettevotja.py?ark=14461785&ref=rekvisiidid
16 Sulge OÜ;12357428;;R;Jah;Registrisse kantud;05.10.2012;5; 10   ; 2 012   ;387;13615;2281036;Harju maakond; Tallinn; Lasnamäe linnaosa; M. Härma tn 5-78;https://ariregister.rik.ee/ettevotja.py?ark=12357428&ref=rekvisiidid
17 Kevadet OÜ;12063632;;R;Jah;Registrisse kantud;21.02.2011;21; 2   ; 2 011   ;897;71014;418603;Viljandi maakond; Viljandi linn; Kevade tn 17;;https://ariregister.rik.ee/ettevotja.py?ark=12063632&ref=rekvisiidid
180 OÜ;14397679;EE102038352;R;Jah;Registrisse kantud;28.12.2017;28; 12   ; 2 017   ;614;10415;2358902;Harju maakond; Tallinn; Põhja-Tallinna linnaosa; Staapli tn 4;https://ariregister.rik.ee/ettevotja.py?ark=14397679&ref=rekvisiidid
1865 Dirndl OÜ;14774231;;R;Jah;Registrisse kantud;02.08.2019;2; 8   ; 2 019   ;7361;75501;3467253;Harju maakond; Saku vald; Saku alevik; Kalda tn 21;https://ariregister.rik.ee/ettevotja.py?ark=14774231&ref=rekvisiidid
1911 Estonian Shooting OÜ;14354865;EE102036778;R;Jah;Registrisse kantud;18.10.2017;18; 10   ; 2 017   ;1675;74001;675484;Harju maakond; Viimsi vald; Haabneeme alevik; Nurme põik 20a;https://ariregister.rik.ee/ettevotja.py?ark=14354865&ref=rekvisiidid
1919Forward OÜ;14809099;;R;Jah;Registrisse kantud;20.09.2019;20; 9   ; 2 019   ;339;10616;2116422;Harju maakond; Tallinn; Kristiine linnaosa; Keemia tn 4;https://ariregister.rik.ee/ettevotja.py?ark=14809099&ref=rekvisiidid
"19"" Customs OÜ";14488896;;R;Jah;Registrisse kantud;15.05.2018;15; 5   ; 2 018   ;8151;51009;3059063;Tartu maakond; Tartu linn; Tartu linn; Kivi tn 4;https://ariregister.rik.ee/ettevotja.py?ark=14488896&ref=rekvisiidid
1A1CRYPTO OÜ;14836564;;R;Jah;Registrisse kantud;29.10.2019;29; 10   ; 2 019   ;298;11317;2468704;Harju maakond; Tallinn; Kesklinna linnaosa; Pärnu mnt 158/2;https://ariregister.rik.ee/ettevotja.py?ark=14836564&ref=rekvisiidid
1Adviser UÜ;14704667;;R;Jah;Registrisse kantud;15.04.2019;15; 4   ; 2 019   ;387;11415;2106928;Harju maakond; Tallinn; Lasnamäe linnaosa; Peterburi tee 47;https://ariregister.rik.ee/ettevotja.py?ark=14704667&ref=rekvisiidid
1A.EE OÜ;11786222;EE101336424;R;Jah;Registrisse kantud;26.11.2009;26; 11   ; 2 009   ;339;10621;3489229;Harju maakond; Tallinn; Kristiine linnaosa; Liimi tn 6/1;https://ariregister.rik.ee/ettevotja.py?ark=11786222&ref=rekvisiidid
1AGENCY & CO OÜ;14565958;;R;Jah;Registrisse kantud;13.09.2018;13; 9   ; 2 018   ;176;13522;2120740;Harju maakond; Tallinn; Haabersti linnaosa; Mõisa tn 4;https://ariregister.rik.ee/ettevotja.py?ark=14565958&ref=rekvisiidid
1 Agent Teenused OÜ;11260164;;R;Jah;Registrisse kantud;09.05.2006;9; 5   ; 2 006   ;6826;79514;3191177;Rapla maakond; Rapla vald; Rapla linn; Männi tn 3-13;https://ariregister.rik.ee/ettevotja.py?ark=11260164&ref=rekvisiidid
1A GEODEESIA OÜ;11968472;EE101383972;R;Jah;Registrisse kantud;20.07.2010;20; 7   ; 2 010   ;8061;92112;2915133;Hiiu maakond; Hiiumaa vald; Taguküla; Põllu;https://ariregister.rik.ee/ettevotja.py?ark=11968472&ref=rekvisiidid
1AK200 OÜ;12904793;EE101819527;R;Jah;Registrisse kantud;01.09.2015;1; 9   ; 2 015   ;511;20104;2865199;Ida-Viru maakond; Narva linn; M. Maslovi tn 1;;https://ariregister.rik.ee/ettevotja.py?ark=12904793&ref=rekvisiidid
1Apteek OÜ;14277283;;R;Jah;Registrisse kantud;13.06.2017;13; 6   ; 2 017   ;614;10413;2243902;Harju maakond; Tallinn; Põhja-Tallinna linnaosa; Tööstuse tn 27/1-5;https://ariregister.rik.ee/ettevotja.py?ark=14277283&ref=rekvisiidid
1A Rehvid OÜ;14375471;EE102029701;R;Jah;Registrisse kantud;21.11.2017;21; 11   ; 2 017   ;387;11415;2111687;Harju maakond; Tallinn; Lasnamäe linnaosa; Vesse tn 4;https://ariregister.rik.ee/ettevotja.py?ark=14375471&ref=rekvisiidid
1Aruandlus OÜ;14097813;EE101927671;R;Jah;Registrisse kantud;16.08.2016;16; 8   ; 2 016   ;4208;75306;1515621;Harju maakond; Rae vald; Lehmja küla; Põrguvälja tee 29;https://ariregister.rik.ee/ettevotja.py?ark=14097813&ref=rekvisiidid
1ATM Kinnisvara OÜ;14382092;;R;Jah;Registrisse kantud;01.12.2017;1; 12   ; 2 017   ;663;44314;2701408;Lääne-Viru maakond; Rakvere linn; Maidla tn 9;;https://ariregister.rik.ee/ettevotja.py?ark=14382092&ref=rekvisiidid
1Autod OÜ;14699587;;R;Jah;Registrisse kantud;08.04.2019;8; 4   ; 2 019   ;8151;51004;3048512;Tartu maakond; Tartu linn; Tartu linn; Turu tn 30;https://ariregister.rik.ee/ettevotja.py?ark=14699587&ref=rekvisiidid
1BIT OÜ;14381842;;R;Jah;Registrisse kantud;30.11.2017;30; 11   ; 2 017   ;614;10315;2191941;Harju maakond; Tallinn; Põhja-Tallinna linnaosa; Randla tn 13-201;https://ariregister.rik.ee/ettevotja.py?ark=14381842&ref=rekvisiidid
1Brooker OÜ;14010255;;R;Jah;Registrisse kantud;09.03.2016;9; 3   ; 2 016   ;339;10620;2123982;Harju maakond; Tallinn; Kristiine linnaosa; Räägu tn 17a;https://ariregister.rik.ee/ettevotja.py?ark=14010255&ref=rekvisiidid
1Bussirent OÜ;14266055;EE101974909;R;Jah;Registrisse kantud;25.05.2017;25; 5   ; 2 017   ;3460;75101;1958130;Harju maakond; Kose vald; Kose alevik; Alu tn 3;https://ariregister.rik.ee/ettevotja.py?ark=14266055&ref=rekvisiidid
1Capital Group OÜ;14802921;;R;Jah;Registrisse kantud;13.09.2019;13; 9   ; 2 019   ;298;10120;2219423;Harju maakond; Tallinn; Kesklinna linnaosa; Narva mnt 19-54;https://ariregister.rik.ee/ettevotja.py?ark=14802921&ref=rekvisiidid
1Capital OÜ;12656444;;R;Jah;Registrisse kantud;05.05.2014;5; 5   ; 2 014   ;298;10120;2219423;Harju maakond; Tallinn; Kesklinna linnaosa; Narva mnt 19-54;https://ariregister.rik.ee/ettevotja.py?ark=12656444&ref=rekvisiidid
1Care Group OÜ;12660919;;L;Ei;Likvideerimisel;14.05.2014;14; 5   ; 2 014   ;298;15010;2115710;Harju maakond; Tallinn; Kesklinna linnaosa; Tornimäe tn 2;https://ariregister.rik.ee/ettevotja.py?ark=12660919&ref=rekvisiidid
1CARGO OÜ;12205204;EE101721835;R;Jah;Registrisse kantud;13.12.2011;13; 12   ; 2 011   ;387;11415;2113882;Harju maakond; Tallinn; Lasnamäe linnaosa; Keevise tn 10;https://ariregister.rik.ee/ettevotja.py?ark=12205204&ref=rekvisiidid
1 CargoPlus OÜ;12604950;EE101705097;R;Jah;Registrisse kantud;28.01.2014;28; 1   ; 2 014   ;176;13520;2303222;Harju maakond; Tallinn; Haabersti linnaosa; Järveotsa tee 35a-77;https://ariregister.rik.ee/ettevotja.py?ark=12604950&ref=rekvisiidid
1CATERING OÜ;12711539;;R;Jah;Registrisse kantud;29.08.2014;29; 8   ; 2 014   ;5389;74226;2543801;Harju maakond; Jõelähtme vald; Neeme küla; Metsavahi tee 8;https://ariregister.rik.ee/ettevotja.py?ark=12711539&ref=rekvisiidid
1Class Ehitus OÜ;14772736;EE102180831;R;Jah;Registrisse kantud;31.07.2019;31; 7   ; 2 019   ;446;74112;2551542;Harju maakond; Maardu linn; Ringi tn 64a/1-17;;https://ariregister.rik.ee/ettevotja.py?ark=14772736&ref=rekvisiidid
1Construct OÜ;12144885;;R;Jah;Registrisse kantud;10.08.2011;10; 8   ; 2 011   ;5864;86602;3022226;Pärnu maakond; Pärnu linn; Paikuse alev; Paide mnt 19a;https://ariregister.rik.ee/ettevotja.py?ark=12144885&ref=rekvisiidid
1CONTACT OÜ;11375045;EE101212894;R;Jah;Registrisse kantud;09.04.2007;9; 4   ; 2 007   ;8151;50113;3061853;Tartu maakond; Tartu linn; Tartu linn; Tähe tn 129b;https://ariregister.rik.ee/ettevotja.py?ark=11375045&ref=rekvisiidid
1Credit OÜ;11644893;;R;Jah;Registrisse kantud;08.05.2009;8; 5   ; 2 009   ;298;10114;2122230;Harju maakond; Tallinn; Kesklinna linnaosa; Kaupmehe tn 6;https://ariregister.rik.ee/ettevotja.py?ark=11644893&ref=rekvisiidid
1DEVE Crane Activities OÜ;12561608;EE101929255;R;Jah;Registrisse kantud;30.10.2013;30; 10   ; 2 013   ;298;11317;2468704;Harju maakond; Tallinn; Kesklinna linnaosa; Pärnu mnt 158/2;https://ariregister.rik.ee/ettevotja.py?ark=12561608&ref=rekvisiidid
1D Games OÜ;14411741;;R;Jah;Registrisse kantud;19.01.2018;19; 1   ; 2 018   ;6378;74626;616186;Harju maakond; Kuusalu vald; Pudisoo küla; Männimäe;https://ariregister.rik.ee/ettevotja.py?ark=14411741&ref=rekvisiidid
1Diil OÜ;12387062;;R;Jah;Registrisse kantud;03.12.2012;3; 12   ; 2 012   ;298;10128;2434029;Harju maakond; Tallinn; Kesklinna linnaosa; C. R. Jakobsoni tn 7/1-77;https://ariregister.rik.ee/ettevotja.py?ark=12387062&ref=rekvisiidid
1DOX Digital OÜ;12595949;;R;Jah;Registrisse kantud;09.01.2014;9; 1   ; 2 014   ;298;10119;3460889;Harju maakond; Tallinn; Kesklinna linnaosa; Roosikrantsi tn 2-215;https://ariregister.rik.ee/ettevotja.py?ark=12595949&ref=rekvisiidid
1Dream OÜ;14138417;EE101995836;R;Jah;Registrisse kantud;24.10.2016;24; 10   ; 2 016   ;298;10119;3460882;Harju maakond; Tallinn; Kesklinna linnaosa; Roosikrantsi tn 2-246;https://ariregister.rik.ee/ettevotja.py?ark=14138417&ref=rekvisiidid
1Ehitus OÜ;12950379;;L;Ei;Likvideerimisel;20.11.2015;20; 11   ; 2 015   ;;;;Teadmata;Teadmata;Teadmata;Teadmata;https://ariregister.rik.ee/ettevotja.py?ark=12950379&ref=rekvisiidid
1equation OÜ;14421159;EE102048795;R;Jah;Registrisse kantud;01.02.2018;1; 2   ; 2 018   ;387;15551;2107288;Harju maakond; Tallinn; Lasnamäe linnaosa; Sepapaja tn 6;https://ariregister.rik.ee/ettevotja.py?ark=14421159&ref=rekvisiidid
1Eritööd OÜ;14597378;EE102207235;R;Jah;Registrisse kantud;31.10.2018;31; 10   ; 2 018   ;482;12918;2368245;Harju maakond; Tallinn; Mustamäe linnaosa; Sääse tn 1-179;https://ariregister.rik.ee/ettevotja.py?ark=14597378&ref=rekvisiidid
1Estate Group OÜ;14503874;EE102191901;R;Jah;Registrisse kantud;08.06.2018;8; 6   ; 2 018   ;387;13916;2299314;Harju maakond; Tallinn; Lasnamäe linnaosa; Paasiku tn 14-73;https://ariregister.rik.ee/ettevotja.py?ark=14503874&ref=rekvisiidid
1Esthaus Kinnisvara OÜ;14264441;;R;Jah;Registrisse kantud;23.05.2017;23; 5   ; 2 017   ;596;11913;2310893;Harju maakond; Tallinn; Pirita linnaosa; Laiaküla tee 30;https://ariregister.rik.ee/ettevotja.py?ark=14264441&ref=rekvisiidid
1 Ettevõte OÜ;11144713;;R;Jah;Registrisse kantud;03.06.2005;3; 6   ; 2 005   ;6086;75301;1764395;Harju maakond; Rae vald; Peetri alevik; Kelgumäe tn 23;https://ariregister.rik.ee/ettevotja.py?ark=11144713&ref=rekvisiidid
1Fassaad OÜ;14355072;EE102063880;R;Jah;Registrisse kantud;19.10.2017;19; 10   ; 2 017   ;176;13516;2537694;Harju maakond; Tallinn; Haabersti linnaosa; Vanakuu tn 2-3;https://ariregister.rik.ee/ettevotja.py?ark=14355072&ref=rekvisiidid
1Finance OÜ;14097463;EE102199204;R;Jah;Registrisse kantud;16.08.2016;16; 8   ; 2 016   ;663;44308;2675193;Lääne-Viru maakond; Rakvere linn; Lai tn 11;;https://ariregister.rik.ee/ettevotja.py?ark=14097463&ref=rekvisiidid
1Firmad OÜ;12387866;;R;Jah;Registrisse kantud;05.12.2012;5; 12   ; 2 012   ;387;11412;3453463;Harju maakond; Tallinn; Lasnamäe linnaosa; Katusepapi tn 4/1;https://ariregister.rik.ee/ettevotja.py?ark=12387866&ref=rekvisiidid
1fox Service OÜ;14309215;;R;Jah;Registrisse kantud;09.08.2017;9; 8   ; 2 017   ;298;10151;2250956;Harju maakond; Tallinn; Kesklinna linnaosa; Hobujaama tn 4;https://ariregister.rik.ee/ettevotja.py?ark=14309215&ref=rekvisiidid
1GEST OÜ;14657778;;R;Jah;Registrisse kantud;08.02.2019;8; 2   ; 2 019   ;663;44306;2707902;Lääne-Viru maakond; Rakvere linn; Õie tn 76;;https://ariregister.rik.ee/ettevotja.py?ark=14657778&ref=rekvisiidid
1Grupp A&M OÜ;11876557;;N;Ei;Pankrotis;07.01.2010;7; 1   ; 2 010   ;298;10142;2264938;Harju maakond; Tallinn; Kesklinna linnaosa; Endla tn 4;https://ariregister.rik.ee/ettevotja.py?ark=11876557&ref=rekvisiidid
1haljastus OÜ;14074924;EE101890410;R;Jah;Registrisse kantud;04.07.2016;4; 7   ; 2 016   ;1586;61508;3014707;Tartu maakond; Elva vald; Elva linn; Vapramäe tn 12;https://ariregister.rik.ee/ettevotja.py?ark=14074924&ref=rekvisiidid
1HEA Service OÜ;14758580;;R;Jah;Registrisse kantud;09.07.2019;9; 7   ; 2 019   ;387;13812;2233118;Harju maakond; Tallinn; Lasnamäe linnaosa; Raadiku tn 8b/2-125;https://ariregister.rik.ee/ettevotja.py?ark=14758580&ref=rekvisiidid
1 Hetk OÜ;14373615;;R;Jah;Registrisse kantud;20.11.2017;20; 11   ; 2 017   ;6523;78250;3193500;Rapla maakond; Märjamaa vald; Põlli küla; Külmaste;https://ariregister.rik.ee/ettevotja.py?ark=14373615&ref=rekvisiidid
1Home Group AS;12793135;;R;Jah;Registrisse kantud;02.02.2015;2; 2   ; 2 015   ;298;10151;2415424;Harju maakond; Tallinn; Kesklinna linnaosa; Parda tn 4;https://ariregister.rik.ee/ettevotja.py?ark=12793135&ref=rekvisiidid
1INTERNET OÜ;14352719;;R;Jah;Registrisse kantud;16.10.2017;16; 10   ; 2 017   ;7455;85008;3392184;Pärnu maakond; Tori vald; Sauga alevik; Hirvela tn 7-6;https://ariregister.rik.ee/ettevotja.py?ark=14352719&ref=rekvisiidid
1Invest Capital AS;12951404;;R;Jah;Registrisse kantud;23.11.2015;23; 11   ; 2 015   ;298;10145;2115710;Harju maakond; Tallinn; Kesklinna linnaosa; Tornimäe tn 2;https://ariregister.rik.ee/ettevotja.py?ark=12951404&ref=rekvisiidid
1 Investing OÜ;14278532;;R;Jah;Registrisse kantud;15.06.2017;15; 6   ; 2 017   ;298;10141;2310491;Harju maakond; Tallinn; Kesklinna linnaosa; Kentmanni tn 8b;https://ariregister.rik.ee/ettevotja.py?ark=14278532&ref=rekvisiidid
1Invest Management OÜ;12766983;;R;Jah;Registrisse kantud;10.12.2014;10; 12   ; 2 014   ;176;10512;2270343;Harju maakond; Tallinn; Haabersti linnaosa; Õismäe tee 52-22;https://ariregister.rik.ee/ettevotja.py?ark=12766983&ref=rekvisiidid
1Investmets-C UÜ;14119443;;R;Jah;Registrisse kantud;23.09.2016;23; 9   ; 2 016   ;298;10128;2104919;Harju maakond; Tallinn; Kesklinna linnaosa; Tartu mnt 43;https://ariregister.rik.ee/ettevotja.py?ark=14119443&ref=rekvisiidid
1Investmets OÜ;12534623;;R;Jah;Registrisse kantud;11.09.2013;11; 9   ; 2 013   ;298;10128;2104919;Harju maakond; Tallinn; Kesklinna linnaosa; Tartu mnt 43;https://ariregister.rik.ee/ettevotja.py?ark=12534623&ref=rekvisiidid
1iOpen OÜ;14470726;;R;Jah;Registrisse kantud;16.04.2018;16; 4   ; 2 018   ;298;10117;2113055;Harju maakond; Tallinn; Kesklinna linnaosa; Narva mnt 5;https://ariregister.rik.ee/ettevotja.py?ark=14470726&ref=rekvisiidid
1it OÜ;12895634;EE101813837;R;Jah;Registrisse kantud;14.08.2015;14; 8   ; 2 015   ;482;13416;2119413;Harju maakond; Tallinn; Mustamäe linnaosa; A. H. Tammsaare tee 89;https://ariregister.rik.ee/ettevotja.py?ark=12895634&ref=rekvisiidid
1JetiFoods OÜ;14813675;EE102196414;R;Jah;Registrisse kantud;27.09.2019;27; 9   ; 2 019   ;298;10151;2267838;Harju maakond; Tallinn; Kesklinna linnaosa; Jõe tn 9;https://ariregister.rik.ee/ettevotja.py?ark=14813675&ref=rekvisiidid
1Joule OÜ;14743928;;R;Jah;Registrisse kantud;14.06.2019;14; 6   ; 2 019   ;387;13615;2373994;Harju maakond; Tallinn; Lasnamäe linnaosa; P. Pinna tn 6a-31;https://ariregister.rik.ee/ettevotja.py?ark=14743928&ref=rekvisiidid
1Kahest Grupp OÜ;12653061;;R;Jah;Registrisse kantud;28.04.2014;28; 4   ; 2 014   ;176;11312;2320128;Harju maakond; Tallinn; Haabersti linnaosa; Õismäe tee 140-38;https://ariregister.rik.ee/ettevotja.py?ark=12653061&ref=rekvisiidid
1Kapp OÜ;14431560;;R;Jah;Registrisse kantud;16.02.2018;16; 2   ; 2 018   ;339;10619;2120575;Harju maakond; Tallinn; Kristiine linnaosa; Mõtuse tn 11;https://ariregister.rik.ee/ettevotja.py?ark=14431560&ref=rekvisiidid
1Karving Stuudio OÜ;12521721;;R;Jah;Registrisse kantud;16.08.2013;16; 8   ; 2 013   ;614;10314;2154732;Harju maakond; Tallinn; Põhja-Tallinna linnaosa; Sõle tn 69-20;https://ariregister.rik.ee/ettevotja.py?ark=12521721&ref=rekvisiidid
1Kaubandus OÜ;14002238;EE101874562;R;Jah;Registrisse kantud;25.02.2016;25; 2   ; 2 016   ;8009;76901;1779186;Harju maakond; Harku vald; Tabasalu alevik; Nooruse tn 9;https://ariregister.rik.ee/ettevotja.py?ark=14002238&ref=rekvisiidid
1k-digital.com OÜ;10678111;EE100704811;R;Jah;Registrisse kantud;22.06.2000;22; 6   ; 2 000   ;298;10141;2109031;Harju maakond; Tallinn; Kesklinna linnaosa; Pärnu mnt 20;https://ariregister.rik.ee/ettevotja.py?ark=10678111&ref=rekvisiidid
1kilo OÜ;14164299;;R;Jah;Registrisse kantud;06.12.2016;6; 12   ; 2 016   ;298;10123;3464484;Harju maakond; Tallinn; Kesklinna linnaosa; Pikk tn 7-17;https://ariregister.rik.ee/ettevotja.py?ark=14164299&ref=rekvisiidid
1 Kindlustusmaakler OÜ;12768350;;R;Jah;Registrisse kantud;12.12.2014;12; 12   ; 2 014   ;482;12618;2331034;Harju maakond; Tallinn; Mustamäe linnaosa; Akadeemia tee 21/6;https://ariregister.rik.ee/ettevotja.py?ark=12768350&ref=rekvisiidid
1 Kinnisvaraarendaja OÜ;12470461;;R;Jah;Registrisse kantud;08.05.2013;8; 5   ; 2 013   ;176;11625;2464305;Harju maakond; Tallinn; Haabersti linnaosa; Veerme tn 33;https://ariregister.rik.ee/ettevotja.py?ark=12470461&ref=rekvisiidid
1KLIKK OÜ;12695007;EE101883582;R;Jah;Registrisse kantud;24.07.2014;24; 7   ; 2 014   ;4549;75404;3480415;Harju maakond; Kiili vald; Luige alevik; Luige tn 1;https://ariregister.rik.ee/ettevotja.py?ark=12695007&ref=rekvisiidid
1Kodu Kinnisvara OÜ;11144357;;R;Jah;Registrisse kantud;01.06.2005;1; 6   ; 2 005   ;298;10145;2264346;Harju maakond; Tallinn; Kesklinna linnaosa; Tornimäe tn 5;https://ariregister.rik.ee/ettevotja.py?ark=11144357&ref=rekvisiidid
1Kodu OÜ;14419990;;R;Jah;Registrisse kantud;31.01.2018;31; 1   ; 2 018   ;614;10317;2120779;Harju maakond; Tallinn; Põhja-Tallinna linnaosa; Auna tn 4;https://ariregister.rik.ee/ettevotja.py?ark=14419990&ref=rekvisiidid
1Konsult OÜ;11475172;;R;Jah;Registrisse kantud;31.01.2008;31; 1   ; 2 008   ;4956;65019;3341427;Võru maakond; Rõuge vald; Missokülä küla; Alaoru;https://ariregister.rik.ee/ettevotja.py?ark=11475172&ref=rekvisiidid
1-koolitus MTÜ;80562002;;R;Jah;Registrisse kantud;21.02.2019;21; 2   ; 2 019   ;339;10616;2119282;Harju maakond; Tallinn; Kristiine linnaosa; Mustamäe tee 5;https://ariregister.rik.ee/ettevotja.py?ark=80562002&ref=rekvisiidid
1kopikas OÜ;14734496;;R;Jah;Registrisse kantud;30.05.2019;30; 5   ; 2 019   ;6619;80020;3116677;Pärnu maakond; Pärnu linn; Pärnu linn; Riia mnt 90-2;https://ariregister.rik.ee/ettevotja.py?ark=14734496&ref=rekvisiidid
1korda1 OÜ;11975756;;L;Ei;Likvideerimisel;06.08.2010;6; 8   ; 2 010   ;298;10145;2112443;Harju maakond; Tallinn; Kesklinna linnaosa; Tornimäe tn 7;https://ariregister.rik.ee/ettevotja.py?ark=11975756&ref=rekvisiidid
1KORISTUS OÜ;14469462;;R;Jah;Registrisse kantud;13.04.2018;13; 4   ; 2 018   ;8009;76901;2460228;Harju maakond; Harku vald; Tabasalu alevik; Kooli tn 10;https://ariregister.rik.ee/ettevotja.py?ark=14469462&ref=rekvisiidid
1Korsten OÜ;12356400;;R;Jah;Registrisse kantud;04.10.2012;4; 10   ; 2 012   ;1776;76912;1943007;Harju maakond; Harku vald; Harkujärve küla; Loodjärve tee 29-6;https://ariregister.rik.ee/ettevotja.py?ark=12356400&ref=rekvisiidid
1Korstnapühkija ja Pottsepp OÜ;12143331;;R;Jah;Registrisse kantud;05.08.2011;5; 8   ; 2 011   ;298;10111;2120723;Harju maakond; Tallinn; Kesklinna linnaosa; Mere pst 4;https://ariregister.rik.ee/ettevotja.py?ark=12143331&ref=rekvisiidid
1KPD Consult OÜ;14056046;;R;Jah;Registrisse kantud;26.05.2016;26; 5   ; 2 016   ;2341;73301;2591294;Järva maakond; Järva vald; Järva-Jaani alev; Kase tn 6-8;https://ariregister.rik.ee/ettevotja.py?ark=14056046&ref=rekvisiidid
1kpd OÜ;12988620;;R;Jah;Registrisse kantud;02.02.2016;2; 2   ; 2 016   ;2341;73301;2591294;Järva maakond; Järva vald; Järva-Jaani alev; Kase tn 6-8;https://ariregister.rik.ee/ettevotja.py?ark=12988620&ref=rekvisiidid
1kx Network OÜ;14539783;EE102091302;R;Jah;Registrisse kantud;07.08.2018;7; 8   ; 2 018   ;298;10141;2155446;Harju maakond; Tallinn; Kesklinna linnaosa; Sakala tn 7-2;https://ariregister.rik.ee/ettevotja.py?ark=14539783&ref=rekvisiidid
1Maaler Ehitus OÜ;14578286;EE102107539;R;Jah;Registrisse kantud;02.10.2018;2; 10   ; 2 018   ;387;13915;2167964;Harju maakond; Tallinn; Lasnamäe linnaosa; Katleri tn 17-5;https://ariregister.rik.ee/ettevotja.py?ark=14578286&ref=rekvisiidid
1Maaler OÜ;14134336;EE101919540;R;Jah;Registrisse kantud;17.10.2016;17; 10   ; 2 016   ;387;13915;2167964;Harju maakond; Tallinn; Lasnamäe linnaosa; Katleri tn 17-5;https://ariregister.rik.ee/ettevotja.py?ark=14134336&ref=rekvisiidid
1man OÜ;14620901;;R;Jah;Registrisse kantud;05.12.2018;5; 12   ; 2 018   ;7361;75501;3471550;Harju maakond; Saku vald; Saku alevik; Asula tn 39;https://ariregister.rik.ee/ettevotja.py?ark=14620901&ref=rekvisiidid
1Market OÜ;12454226;EE101644925;R;Jah;Registrisse kantud;15.04.2013;15; 4   ; 2 013   ;298;10127;3457934;Harju maakond; Tallinn; Kesklinna linnaosa; Pirita tee 20/4;https://ariregister.rik.ee/ettevotja.py?ark=12454226&ref=rekvisiidid
1master solutions OÜ;14656454;;R;Jah;Registrisse kantud;06.02.2019;6; 2   ; 2 019   ;6378;74626;616186;Harju maakond; Kuusalu vald; Pudisoo küla; Männimäe;https://ariregister.rik.ee/ettevotja.py?ark=14656454&ref=rekvisiidid
1 Mb OÜ;11513352;EE101238904;R;Jah;Registrisse kantud;30.06.2008;30; 6   ; 2 008   ;1675;74001;1812239;Harju maakond; Viimsi vald; Haabneeme alevik; Heldri tee 53-34;https://ariregister.rik.ee/ettevotja.py?ark=11513352&ref=rekvisiidid
1millionapps OÜ;14817331;;R;Jah;Registrisse kantud;02.10.2019;2; 10   ; 2 019   ;387;15551;2107288;Harju maakond; Tallinn; Lasnamäe linnaosa; Sepapaja tn 6;https://ariregister.rik.ee/ettevotja.py?ark=14817331&ref=rekvisiidid
1MLR OÜ;12623060;EE101906948;R;Jah;Registrisse kantud;04.03.2014;4; 3   ; 2 014   ;1675;74001;2450420;Harju maakond; Viimsi vald; Haabneeme alevik; Paadi tee 3;https://ariregister.rik.ee/ettevotja.py?ark=12623060&ref=rekvisiidid
1MW OÜ;14153523;;R;Jah;Registrisse kantud;17.11.2016;17; 11   ; 2 016   ;524;10917;2195005;Harju maakond; Tallinn; Nõmme linnaosa; Rebase tn 2d-6;https://ariregister.rik.ee/ettevotja.py?ark=14153523&ref=rekvisiidid
1Office Estonia OÜ;11528017;EE101249524;R;Jah;Registrisse kantud;12.08.2008;12; 8   ; 2 008   ;298;10117;2113055;Harju maakond; Tallinn; Kesklinna linnaosa; Narva mnt 5;https://ariregister.rik.ee/ettevotja.py?ark=11528017&ref=rekvisiidid
1Office Global OÜ;14207868;EE102095227;R;Jah;Registrisse kantud;20.02.2017;20; 2   ; 2 017   ;298;10117;2113055;Harju maakond; Tallinn; Kesklinna linnaosa; Narva mnt 5;https://ariregister.rik.ee/ettevotja.py?ark=14207868&ref=rekvisiidid
1Office Group OÜ;12133700;;R;Jah;Registrisse kantud;14.07.2011;14; 7   ; 2 011   ;298;10117;2113055;Harju maakond; Tallinn; Kesklinna linnaosa; Narva mnt 5;https://ariregister.rik.ee/ettevotja.py?ark=12133700&ref=rekvisiidid
1Office OÜ;12310390;EE101584111;R;Jah;Registrisse kantud;04.07.2012;4; 7   ; 2 012   ;298;10117;2113055;Harju maakond; Tallinn; Kesklinna linnaosa; Narva mnt 5;https://ariregister.rik.ee/ettevotja.py?ark=12310390&ref=rekvisiidid
1one.eu OÜ;14728372;;R;Jah;Registrisse kantud;22.05.2019;22; 5   ; 2 019   ;387;15551;2107288;Harju maakond; Tallinn; Lasnamäe linnaosa; Sepapaja tn 6;https://ariregister.rik.ee/ettevotja.py?ark=14728372&ref=rekvisiidid
1oT OÜ;14611026;EE102131709;R;Jah;Registrisse kantud;21.11.2018;21; 11   ; 2 018   ;298;10132;2116199;Harju maakond; Tallinn; Kesklinna linnaosa; Järvevana tee 7b;https://ariregister.rik.ee/ettevotja.py?ark=14611026&ref=rekvisiidid
1Paigaldus OÜ;14746884;EE102168536;R;Jah;Registrisse kantud;19.06.2019;19; 6   ; 2 019   ;2377;75301;1137613;Harju maakond; Rae vald; Jüri alevik; Kasemäe tn 9-12;https://ariregister.rik.ee/ettevotja.py?ark=14746884&ref=rekvisiidid
1P Arendusjuhtimise OÜ;12819136;;R;Jah;Registrisse kantud;19.03.2015;19; 3   ; 2 015   ;298;10143;2106220;Harju maakond; Tallinn; Kesklinna linnaosa; Rävala pst 3;https://ariregister.rik.ee/ettevotja.py?ark=12819136&ref=rekvisiidid
1Partner Advisory OÜ;11769057;EE101340371;R;Jah;Registrisse kantud;23.11.2009;23; 11   ; 2 009   ;298;10143;2106220;Harju maakond; Tallinn; Kesklinna linnaosa; Rävala pst 3;https://ariregister.rik.ee/ettevotja.py?ark=11769057&ref=rekvisiidid
1PARTNER Ehitus OÜ;11226150;EE101032401;R;Jah;Registrisse kantud;06.03.2006;6; 3   ; 2 006   ;298;10143;2106220;Harju maakond; Tallinn; Kesklinna linnaosa; Rävala pst 3;https://ariregister.rik.ee/ettevotja.py?ark=11226150&ref=rekvisiidid
1Partner Haldus OÜ;14044863;EE101881843;R;Jah;Registrisse kantud;06.05.2016;6; 5   ; 2 016   ;298;10143;2106220;Harju maakond; Tallinn; Kesklinna linnaosa; Rävala pst 3;https://ariregister.rik.ee/ettevotja.py?ark=14044863&ref=rekvisiidid
1PARTNER Kinnisvara Eesti OÜ;11027723;EE101764025;R;Jah;Registrisse kantud;20.04.2004;20; 4   ; 2 004   ;298;10143;2106220;Harju maakond; Tallinn; Kesklinna linnaosa; Rävala pst 3;https://ariregister.rik.ee/ettevotja.py?ark=11027723&ref=rekvisiidid
1PARTNER Kinnisvaragrupp Osaühing;11015625;;R;Jah;Registrisse kantud;16.02.2004;16; 2   ; 2 004   ;298;10143;2106220;Harju maakond; Tallinn; Kesklinna linnaosa; Rävala pst 3;https://ariregister.rik.ee/ettevotja.py?ark=11015625&ref=rekvisiidid
1PARTNER Kinnisvara Tallinn OÜ;11036461;EE100903599;R;Jah;Registrisse kantud;14.05.2004;14; 5   ; 2 004   ;298;10143;2106220;Harju maakond; Tallinn; Kesklinna linnaosa; Rävala pst 3;https://ariregister.rik.ee/ettevotja.py?ark=11036461&ref=rekvisiidid
1PARTNER Kommertskinnisvara OÜ;12138519;EE101468321;R;Jah;Registrisse kantud;26.07.2011;26; 7   ; 2 011   ;298;10143;2106220;Harju maakond; Tallinn; Kesklinna linnaosa; Rävala pst 3;https://ariregister.rik.ee/ettevotja.py?ark=12138519&ref=rekvisiidid
1Partner Seven Kinnisvarakonsultandid OÜ;10394023;EE100292983;R;Jah;Registrisse kantud;02.03.1998;2; 3   ; 1 998   ;298;10143;2106220;Harju maakond; Tallinn; Kesklinna linnaosa; Rävala pst 3;https://ariregister.rik.ee/ettevotja.py?ark=10394023&ref=rekvisiidid
1Personal OÜ;14076292;;R;Jah;Registrisse kantud;06.07.2016;6; 7   ; 2 016   ;;;;Teadmata;Teadmata;Teadmata;Teadmata;https://ariregister.rik.ee/ettevotja.py?ark=14076292&ref=rekvisiidid
1P Kinnisvara Tartu OÜ;12273759;EE101534776;R;Jah;Registrisse kantud;26.04.2012;26; 4   ; 2 012   ;8151;51013;3088331;Tartu maakond; Tartu linn; Tartu linn; Soola tn 2;https://ariregister.rik.ee/ettevotja.py?ark=12273759&ref=rekvisiidid
1pood.com OÜ;11471168;;R;Jah;Registrisse kantud;20.02.2008;20; 2   ; 2 008   ;2267;76405;2700663;Harju maakond; Saue vald; Jõgisoo küla; Kaunissaare;https://ariregister.rik.ee/ettevotja.py?ark=11471168&ref=rekvisiidid
1Print OÜ;12862630;EE101899372;R;Jah;Registrisse kantud;08.06.2015;8; 6   ; 2 015   ;339;10613;2123634;Harju maakond; Tallinn; Kristiine linnaosa; Madara tn 31;https://ariregister.rik.ee/ettevotja.py?ark=12862630&ref=rekvisiidid
1-Print Security OÜ;12357486;EE101588667;R;Jah;Registrisse kantud;05.10.2012;5; 10   ; 2 012   ;339;10613;2123634;Harju maakond; Tallinn; Kristiine linnaosa; Madara tn 31;https://ariregister.rik.ee/ettevotja.py?ark=12357486&ref=rekvisiidid
1 Projekt OÜ;11199750;EE101408734;R;Jah;Registrisse kantud;19.12.2005;19; 12   ; 2 005   ;8257;76902;3410380;Harju maakond; Harku vald; Tiskre küla; Puisniidu tee 24-2;https://ariregister.rik.ee/ettevotja.py?ark=11199750&ref=rekvisiidid
1PT Grupp Osaühing;11481296;EE101404152;R;Jah;Registrisse kantud;10.04.2008;10; 4   ; 2 008   ;511;20309;2884701;Ida-Viru maakond; Narva linn; A. Puðkini tn 19-57;;https://ariregister.rik.ee/ettevotja.py?ark=11481296&ref=rekvisiidid
1Puksiir OÜ;12702397;;R;Jah;Registrisse kantud;11.08.2014;11; 8   ; 2 014   ;176;13514;2310675;Harju maakond; Tallinn; Haabersti linnaosa; Õismäe tee 3-11;https://ariregister.rik.ee/ettevotja.py?ark=12702397&ref=rekvisiidid
1Päev Catering OÜ;12483268;;R;Jah;Registrisse kantud;31.05.2013;31; 5   ; 2 013   ;2267;76411;2711619;Harju maakond; Saue vald; Jõgisoo küla; Ratasepa;https://ariregister.rik.ee/ettevotja.py?ark=12483268&ref=rekvisiidid
1Päev OÜ;11579411;EE101898470;R;Jah;Registrisse kantud;23.01.2009;23; 1   ; 2 009   ;2267;76411;2711619;Harju maakond; Saue vald; Jõgisoo küla; Ratasepa;https://ariregister.rik.ee/ettevotja.py?ark=11579411&ref=rekvisiidid
1QA OSAÜHING;10614594;;R;Jah;Registrisse kantud;30.11.1999;30; 11   ; 1 999   ;387;13916;2156097;Harju maakond; Tallinn; Lasnamäe linnaosa; Paasiku tn 14-131;https://ariregister.rik.ee/ettevotja.py?ark=10614594&ref=rekvisiidid
1Raamatupidamine OÜ;11711922;;R;Jah;Registrisse kantud;04.09.2009;4; 9   ; 2 009   ;298;10135;2454741;Harju maakond; Tallinn; Kesklinna linnaosa; Veerenni tn 24/1;https://ariregister.rik.ee/ettevotja.py?ark=11711922&ref=rekvisiidid
1Raid OÜ;12320626;;R;Jah;Registrisse kantud;26.07.2012;26; 7   ; 2 012   ;176;13516;2313734;Harju maakond; Tallinn; Haabersti linnaosa; Soolahe tee 34;https://ariregister.rik.ee/ettevotja.py?ark=12320626&ref=rekvisiidid
1Reisid OÜ;12605263;EE101706009;R;Jah;Registrisse kantud;28.01.2014;28; 1   ; 2 014   ;2673;75403;3481641;Harju maakond; Kiili vald; Kangru alevik; Kivila tn 3;https://ariregister.rik.ee/ettevotja.py?ark=12605263&ref=rekvisiidid
1 Rental OÜ;14388485;;R;Jah;Registrisse kantud;12.12.2017;12; 12   ; 2 017   ;9646;70202;3143061;Viljandi maakond; Viljandi vald; Välgita küla; Metsa vkt 13;https://ariregister.rik.ee/ettevotja.py?ark=14388485&ref=rekvisiidid
1secondhand OÜ;14211321;EE102045523;R;Jah;Registrisse kantud;27.02.2017;27; 2   ; 2 017   ;614;12315;2128616;Harju maakond; Tallinn; Põhja-Tallinna linnaosa; Randla tn 30-8;https://ariregister.rik.ee/ettevotja.py?ark=14211321&ref=rekvisiidid
1S Ehitusteenus UÜ;14869575;;R;Jah;Registrisse kantud;16.12.2019;16; 12   ; 2 019   ;298;10143;3457823;Harju maakond; Tallinn; Kesklinna linnaosa; Rävala pst 8-604;https://ariregister.rik.ee/ettevotja.py?ark=14869575&ref=rekvisiidid
1SmartHome Kinnisvarabüroo OÜ;14642340;;R;Jah;Registrisse kantud;15.01.2019;15; 1   ; 2 019   ;176;13520;2332830;Harju maakond; Tallinn; Haabersti linnaosa; Järveotsa tee 27-20;https://ariregister.rik.ee/ettevotja.py?ark=14642340&ref=rekvisiidid
1Sofa OÜ;12013918;;R;Jah;Registrisse kantud;01.11.2010;1; 11   ; 2 010   ;8009;76901;1896965;Harju maakond; Harku vald; Tabasalu alevik; Kibuvitsa tn 3-1;https://ariregister.rik.ee/ettevotja.py?ark=12013918&ref=rekvisiidid
1Solution OÜ;14502320;EE102075551;R;Jah;Registrisse kantud;06.06.2018;6; 6   ; 2 018   ;387;15551;2107288;Harju maakond; Tallinn; Lasnamäe linnaosa; Sepapaja tn 6;https://ariregister.rik.ee/ettevotja.py?ark=14502320&ref=rekvisiidid
1Star Kinnisvara OÜ;12184962;;R;Jah;Registrisse kantud;31.10.2011;31; 10   ; 2 011   ;524;10915;2121194;Harju maakond; Tallinn; Nõmme linnaosa; Laaniku tn 7;https://ariregister.rik.ee/ettevotja.py?ark=12184962&ref=rekvisiidid
1st Choice OÜ;12155156;;L;Ei;Likvideerimisel;01.09.2011;1; 9   ; 2 011   ;482;12615;2232838;Harju maakond; Tallinn; Mustamäe linnaosa; Kadaka pst 169a-24;https://ariregister.rik.ee/ettevotja.py?ark=12155156&ref=rekvisiidid
1st Connect Energy Services OÜ;14698872;;R;Jah;Registrisse kantud;08.04.2019;8; 4   ; 2 019   ;298;10141;2155446;Harju maakond; Tallinn; Kesklinna linnaosa; Sakala tn 7-2;https://ariregister.rik.ee/ettevotja.py?ark=14698872&ref=rekvisiidid
1st Finants OÜ;12116825;;R;Jah;Registrisse kantud;06.06.2011;6; 6   ; 2 011   ;8151;50108;3080101;Tartu maakond; Tartu linn; Tartu linn; Filosoofi tn 25-2;https://ariregister.rik.ee/ettevotja.py?ark=12116825&ref=rekvisiidid
1st Investments OÜ;14787966;;R;Jah;Registrisse kantud;23.08.2019;23; 8   ; 2 019   ;7905;76908;1748779;Harju maakond; Harku vald; Sõrve küla; Loojangu tee 25;https://ariregister.rik.ee/ettevotja.py?ark=14787966&ref=rekvisiidid
1st Momentum OÜ;14216212;;L;Ei;Likvideerimisel;06.03.2017;6; 3   ; 2 017   ;387;15551;2107288;Harju maakond; Tallinn; Lasnamäe linnaosa; Sepapaja tn 6;https://ariregister.rik.ee/ettevotja.py?ark=14216212&ref=rekvisiidid
1st One OÜ;14745086;;R;Jah;Registrisse kantud;17.06.2019;17; 6   ; 2 019   ;176;13515;2271434;Harju maakond; Tallinn; Haabersti linnaosa; Õismäe tee 67-41;https://ariregister.rik.ee/ettevotja.py?ark=14745086&ref=rekvisiidid
1Stop FB OÜ;14413119;;R;Jah;Registrisse kantud;22.01.2018;22; 1   ; 2 018   ;298;10146;2116256;Harju maakond; Tallinn; Kesklinna linnaosa; Kullassepa tn 13;https://ariregister.rik.ee/ettevotja.py?ark=14413119&ref=rekvisiidid
1Stop Group OÜ;11344599;;R;Jah;Registrisse kantud;01.02.2007;1; 2   ; 2 007   ;298;10146;2116256;Harju maakond; Tallinn; Kesklinna linnaosa; Kullassepa tn 13 // Kuninga tn 8;https://ariregister.rik.ee/ettevotja.py?ark=11344599&ref=rekvisiidid
1stQuest OÜ;14393233;EE102124318;R;Jah;Registrisse kantud;19.12.2017;19; 12   ; 2 017   ;6378;74626;616186;Harju maakond; Kuusalu vald; Pudisoo küla; Männimäe;https://ariregister.rik.ee/ettevotja.py?ark=14393233&ref=rekvisiidid
1StTech OÜ;11760748;;R;Jah;Registrisse kantud;06.11.2009;6; 11   ; 2 009   ;482;12913;2252966;Harju maakond; Tallinn; Mustamäe linnaosa; Mustamäe tee 171a-31;https://ariregister.rik.ee/ettevotja.py?ark=11760748&ref=rekvisiidid
1studio OÜ;12920467;;R;Jah;Registrisse kantud;28.09.2015;28; 9   ; 2 015   ;387;11415;2111649;Harju maakond; Tallinn; Lasnamäe linnaosa; Peterburi tee 71;https://ariregister.rik.ee/ettevotja.py?ark=12920467&ref=rekvisiidid
1STX OÜ;14648414;EE102187106;R;Jah;Registrisse kantud;24.01.2019;24; 1   ; 2 019   ;387;11415;2106928;Harju maakond; Tallinn; Lasnamäe linnaosa; Peterburi tee 47;https://ariregister.rik.ee/ettevotja.py?ark=14648414&ref=rekvisiidid
1Z1oneZone OÜ;14541596;;R;Jah;Registrisse kantud;09.08.2018;9; 8   ; 2 018   ;339;10616;2116422;Harju maakond; Tallinn; Kristiine linnaosa; Keemia tn 4;https://ariregister.rik.ee/ettevotja.py?ark=14541596&ref=rekvisiidid
1 Zulf OÜ;14438912;;R;Jah;Registrisse kantud;28.02.2018;28; 2   ; 2 018   ;298;10132;2214129;Harju maakond; Tallinn; Kesklinna linnaosa; Võistluse tn 23-20;https://ariregister.rik.ee/ettevotja.py?ark=14438912&ref=rekvisiidid
1Tagatis OÜ;12363624;EE102211179;R;Jah;Registrisse kantud;16.10.2012;16; 10   ; 2 012   ;7666;61709;2850718;Tartu maakond; Kambja vald; Soinaste küla; Enelase tn 14;https://ariregister.rik.ee/ettevotja.py?ark=12363624&ref=rekvisiidid
1Taks OÜ;14264760;EE101975160;R;Jah;Registrisse kantud;23.05.2017;23; 5   ; 2 017   ;1986;45307;2741400;Lääne-Viru maakond; Haljala vald; Idavere küla; Keskvälja;https://ariregister.rik.ee/ettevotja.py?ark=14264760&ref=rekvisiidid
1Team OÜ;14468497;;R;Jah;Registrisse kantud;12.04.2018;12; 4   ; 2 018   ;298;10119;3460852;Harju maakond; Tallinn; Kesklinna linnaosa; Roosikrantsi tn 2-472;https://ariregister.rik.ee/ettevotja.py?ark=14468497&ref=rekvisiidid
1Teater Mittetulundusühing;80322841;;R;Jah;Registrisse kantud;07.02.2011;7; 2   ; 2 011   ;339;11316;2308694;Harju maakond; Tallinn; Kristiine linnaosa; Tüve tn 14-17;https://ariregister.rik.ee/ettevotja.py?ark=80322841&ref=rekvisiidid
1Teenus OÜ;12066582;;R;Jah;Registrisse kantud;01.03.2011;1; 3   ; 2 011   ;339;11312;2109374;Harju maakond; Tallinn; Kristiine linnaosa; Kotka tn 14;https://ariregister.rik.ee/ettevotja.py?ark=12066582&ref=rekvisiidid
1Tomato OÜ;12532386;EE101764494;N;Ei;Pankrotis;06.09.2013;6; 9   ; 2 013   ;298;10145;2115710;Harju maakond; Tallinn; Kesklinna linnaosa; Tornimäe tn 2;https://ariregister.rik.ee/ettevotja.py?ark=12532386&ref=rekvisiidid
1top1 OÜ;12942210;;R;Jah;Registrisse kantud;05.11.2015;5; 11   ; 2 015   ;298;10120;2353341;Harju maakond; Tallinn; Kesklinna linnaosa; Narva mnt 14-31;https://ariregister.rik.ee/ettevotja.py?ark=12942210&ref=rekvisiidid
1Tower Group OÜ;12795571;EE102216213;R;Jah;Registrisse kantud;05.02.2015;5; 2   ; 2 015   ;298;10151;2337163;Harju maakond; Tallinn; Kesklinna linnaosa; Ahtri tn 6a-32;https://ariregister.rik.ee/ettevotja.py?ark=12795571&ref=rekvisiidid
1Track OÜ;14600212;;R;Jah;Registrisse kantud;05.11.2018;5; 11   ; 2 018   ;339;13417;2304312;Harju maakond; Tallinn; Kristiine linnaosa; Tüve tn 55-1;https://ariregister.rik.ee/ettevotja.py?ark=14600212&ref=rekvisiidid
1Trader OÜ;11660573;EE101522076;R;Jah;Registrisse kantud;25.05.2009;25; 5   ; 2 009   ;298;11317;2113353;Harju maakond; Tallinn; Kesklinna linnaosa; Pärnu mnt 160;https://ariregister.rik.ee/ettevotja.py?ark=11660573&ref=rekvisiidid
1 Turundusbüroo OÜ;12810715;;R;Jah;Registrisse kantud;05.03.2015;5; 3   ; 2 015   ;1675;74001;1815148;Harju maakond; Viimsi vald; Haabneeme alevik; Põldheina tee 7-2;https://ariregister.rik.ee/ettevotja.py?ark=12810715&ref=rekvisiidid
1U4 OÜ;14417330;;R;Jah;Registrisse kantud;29.01.2018;29; 1   ; 2 018   ;3242;79603;3212040;Rapla maakond; Rapla vald; Kodila küla; Panga tn 7-7;https://ariregister.rik.ee/ettevotja.py?ark=14417330&ref=rekvisiidid
1 UKS OÜ;12555051;EE101673226;R;Jah;Registrisse kantud;17.10.2013;17; 10   ; 2 013   ;9280;74001;579830;Harju maakond; Viimsi vald; Viimsi alevik; Tammeõue tee 37;https://ariregister.rik.ee/ettevotja.py?ark=12555051&ref=rekvisiidid
1UL Teenused OÜ;14501600;;R;Jah;Registrisse kantud;05.06.2018;5; 6   ; 2 018   ;8151;51014;3051793;Tartu maakond; Tartu linn; Tartu linn; Ravila tn 75;https://ariregister.rik.ee/ettevotja.py?ark=14501600&ref=rekvisiidid
1Valve Partner OÜ;14664726;EE102172412;R;Jah;Registrisse kantud;19.02.2019;19; 2   ; 2 019   ;482;10621;2124595;Harju maakond; Tallinn; Mustamäe linnaosa; Kadaka tee 5;https://ariregister.rik.ee/ettevotja.py?ark=14664726&ref=rekvisiidid
1WON Technology OÜ;14805308;;R;Jah;Registrisse kantud;16.09.2019;16; 9   ; 2 019   ;298;10111;2124811;Harju maakond; Tallinn; Kesklinna linnaosa; Roseni tn 13;https://ariregister.rik.ee/ettevotja.py?ark=14805308&ref=rekvisiidid
1Väekasmari OÜ;14728573;EE102160631;R;Jah;Registrisse kantud;22.05.2019;22; 5   ; 2 019   ;524;11214;2258977;Harju maakond; Tallinn; Nõmme linnaosa; Kalmistu tee 8a;https://ariregister.rik.ee/ettevotja.py?ark=14728573&ref=rekvisiidid
1X OÜ;14613545;;R;Jah;Registrisse kantud;26.11.2018;26; 11   ; 2 018   ;614;10416;2368489;Harju maakond; Tallinn; Põhja-Tallinna linnaosa; Kopli tn 90-25c;https://ariregister.rik.ee/ettevotja.py?ark=14613545&ref=rekvisiidid
2007 OÜ;14830277;;R;Jah;Registrisse kantud;21.10.2019;21; 10   ; 2 019   ;9717;61713;2842587;Tartu maakond; Kambja vald; Õssu küla; Linnu tee 35;https://ariregister.rik.ee/ettevotja.py?ark=14830277&ref=rekvisiidid
200 kraadi OÜ;14155887;EE101926889;R;Jah;Registrisse kantud;21.11.2016;21; 11   ; 2 016   ;6672;74013;322383;Harju maakond; Viimsi vald; Püünsi küla; Püünsi tee 24;https://ariregister.rik.ee/ettevotja.py?ark=14155887&ref=rekvisiidid
200OK OÜ;14555575;;R;Jah;Registrisse kantud;30.08.2018;30; 8   ; 2 018   ;298;10145;2350988;Harju maakond; Tallinn; Kesklinna linnaosa; Maakri tn 19/1;https://ariregister.rik.ee/ettevotja.py?ark=14555575&ref=rekvisiidid
2014Kompa OÜ;12759954;EE101787248;R;Jah;Registrisse kantud;26.11.2014;26; 11   ; 2 014   ;747;30721;2768570;Ida-Viru maakond; Kohtla-Järve linn; Sompa linnaosa; Tulika tn 9b;https://ariregister.rik.ee/ettevotja.py?ark=12759954&ref=rekvisiidid
2016 Arenduse UÜ;14164805;;R;Jah;Registrisse kantud;07.12.2016;7; 12   ; 2 016   ;387;11412;3453463;Harju maakond; Tallinn; Lasnamäe linnaosa; Katusepapi tn 4/1;https://ariregister.rik.ee/ettevotja.py?ark=14164805&ref=rekvisiidid
2016-Finants UÜ;14167347;;R;Jah;Registrisse kantud;12.12.2016;12; 12   ; 2 016   ;387;11412;3453463;Harju maakond; Tallinn; Lasnamäe linnaosa; Katusepapi tn 4/1;https://ariregister.rik.ee/ettevotja.py?ark=14167347&ref=rekvisiidid
2016-Halduse UÜ;14166744;;R;Jah;Registrisse kantud;09.12.2016;9; 12   ; 2 016   ;387;11412;3453463;Harju maakond; Tallinn; Lasnamäe linnaosa; Katusepapi tn 4/1;https://ariregister.rik.ee/ettevotja.py?ark=14166744&ref=rekvisiidid
2016-Hooldus UÜ;14166690;;R;Jah;Registrisse kantud;09.12.2016;9; 12   ; 2 016   ;387;11412;3453463;Harju maakond; Tallinn; Lasnamäe linnaosa; Katusepapi tn 4/1;https://ariregister.rik.ee/ettevotja.py?ark=14166690&ref=rekvisiidid
2016 Investeeringud Grupp UÜ;14171633;;R;Jah;Registrisse kantud;19.12.2016;19; 12   ; 2 016   ;387;11412;3453463;Harju maakond; Tallinn; Lasnamäe linnaosa; Katusepapi tn 4/1;https://ariregister.rik.ee/ettevotja.py?ark=14171633&ref=rekvisiidid
2016-Rent UÜ;14166980;;R;Jah;Registrisse kantud;12.12.2016;12; 12   ; 2 016   ;387;11412;3453463;Harju maakond; Tallinn; Lasnamäe linnaosa; Katusepapi tn 4/1;https://ariregister.rik.ee/ettevotja.py?ark=14166980&ref=rekvisiidid
2016 Spetsialist UÜ;14164188;;R;Jah;Registrisse kantud;06.12.2016;6; 12   ; 2 016   ;387;11412;3453463;Harju maakond; Tallinn; Lasnamäe linnaosa; Katusepapi tn 4/1;https://ariregister.rik.ee/ettevotja.py?ark=14164188&ref=rekvisiidid
2016-Teeninduse UÜ;14166827;;R;Jah;Registrisse kantud;12.12.2016;12; 12   ; 2 016   ;387;11412;3453463;Harju maakond; Tallinn; Lasnamäe linnaosa; Katusepapi tn 4/1;https://ariregister.rik.ee/ettevotja.py?ark=14166827&ref=rekvisiidid
2016-Ürituste UÜ;14167092;;R;Jah;Registrisse kantud;12.12.2016;12; 12   ; 2 016   ;387;11412;3453463;Harju maakond; Tallinn; Lasnamäe linnaosa; Katusepapi tn 4/1;https://ariregister.rik.ee/ettevotja.py?ark=14167092&ref=rekvisiidid
2019 Holdings OÜ;14647107;;R;Jah;Registrisse kantud;22.01.2019;22; 1   ; 2 019   ;298;10124;2110845;Harju maakond; Tallinn; Kesklinna linnaosa; Raua tn 1;https://ariregister.rik.ee/ettevotja.py?ark=14647107&ref=rekvisiidid
20:20 Ideas Osaühing;11055398;;R;Jah;Registrisse kantud;14.07.2004;14; 7   ; 2 004   ;298;10136;2135708;Harju maakond; Tallinn; Kesklinna linnaosa; Villardi tn 8-9;https://ariregister.rik.ee/ettevotja.py?ark=11055398&ref=rekvisiidid
2020TRADING OÜ;14361167;;R;Jah;Registrisse kantud;27.10.2017;27; 10   ; 2 017   ;387;15551;2107288;Harju maakond; Tallinn; Lasnamäe linnaosa; Sepapaja tn 6;https://ariregister.rik.ee/ettevotja.py?ark=14361167&ref=rekvisiidid
20. Eesti Relvagrenaderide Diviisi Veteranide Ühendus;80127708;;R;Jah;Registrisse kantud;30.05.2000;30; 5   ; 2 000   ;298;10142;2266055;Harju maakond; Tallinn; Kesklinna linnaosa; Toompea tn 8;https://ariregister.rik.ee/ettevotja.py?ark=80127708&ref=rekvisiidid
2.0 OÜ;12963608;;R;Jah;Registrisse kantud;15.12.2015;15; 12   ; 2 015   ;298;10114;2193532;Harju maakond; Tallinn; Kesklinna linnaosa; Kaupmehe tn 7-83;https://ariregister.rik.ee/ettevotja.py?ark=12963608&ref=rekvisiidid
20Tau Systems OÜ;14237929;;R;Jah;Registrisse kantud;10.04.2017;10; 4   ; 2 017   ;8151;51007;3093936;Tartu maakond; Tartu linn; Tartu linn; Kõrvitsa tn 1-5;https://ariregister.rik.ee/ettevotja.py?ark=14237929&ref=rekvisiidid
20 Thousand Leagues OÜ;14551382;;R;Jah;Registrisse kantud;24.08.2018;24; 8   ; 2 018   ;298;10124;2332251;Harju maakond; Tallinn; Kesklinna linnaosa; V. Reimani tn 6-13;https://ariregister.rik.ee/ettevotja.py?ark=14551382&ref=rekvisiidid
2100 Technologies OÜ;14675003;;R;Jah;Registrisse kantud;04.03.2019;4; 3   ; 2 019   ;482;12915;2120496;Harju maakond; Tallinn; Mustamäe linnaosa; Laki tn 30;https://ariregister.rik.ee/ettevotja.py?ark=14675003&ref=rekvisiidid
212rent OÜ;14646480;;R;Jah;Registrisse kantud;22.01.2019;22; 1   ; 2 019   ;596;11912;3456653;Harju maakond; Tallinn; Pirita linnaosa; Jahe tee 4/1;https://ariregister.rik.ee/ettevotja.py?ark=14646480&ref=rekvisiidid
21kollektiv OÜ;14590654;;R;Jah;Registrisse kantud;22.10.2018;22; 10   ; 2 018   ;387;15551;2107288;Harju maakond; Tallinn; Lasnamäe linnaosa; Sepapaja tn 6;https://ariregister.rik.ee/ettevotja.py?ark=14590654&ref=rekvisiidid
21Pluss OÜ;12752878;EE101758853;R;Jah;Registrisse kantud;13.11.2014;13; 11   ; 2 014   ;3655;93818;2640031;Saare maakond; Saaremaa vald; Kuressaare linn; Tallinna tn 62-6;https://ariregister.rik.ee/ettevotja.py?ark=12752878&ref=rekvisiidid
21 Promotion OÜ;14683407;;R;Jah;Registrisse kantud;18.03.2019;18; 3   ; 2 019   ;5860;72716;2664931;Järva maakond; Paide linn; Paide linn; Tuleviku tn 11;https://ariregister.rik.ee/ettevotja.py?ark=14683407&ref=rekvisiidid
21 Robots OÜ;14521671;;R;Jah;Registrisse kantud;09.07.2018;9; 7   ; 2 018   ;387;13620;2279552;Harju maakond; Tallinn; Lasnamäe linnaosa; Punane tn 15-96;https://ariregister.rik.ee/ettevotja.py?ark=14521671&ref=rekvisiidid
